Feature,Dissimilarity,DiCE Importance,SHAP Importance,Lime Importance,Pearson Correlation,Permutation Importance
age,0.5257977627833599,0.7180000000000001,-0.5450291691506481,-0.00665239904858031,0.2338791987925998,0.0005374280230326
hours_per_week,0.6478840002746771,0.8154,0.020406027904903,-0.11005237766090797,0.2256015411403502,0.0004030710172745
